[{
    "model": "worksheets.job_status",
    "pk": 1,
    "fields": {
        "job_status_description": "Due"
    }
}, {
    "model": "worksheets.job_status",
    "pk": 2,
    "fields": {
        "job_status_description": "Booked"
    }
}, {
    "model": "worksheets.job_status",
    "pk": 3,
    "fields": {
        "job_status_description": "Completed"
    }
}, {
    "model": "worksheets.payment_status",
    "pk": 1,
    "fields": {
        "payment_status_description": "Paid"
    }
}, {
    "model": "worksheets.payment_status",
    "pk": 2,
    "fields": {
        "payment_status_description": "Owed"
    }
}, {
    "model": "customers.property_type",
    "pk": 1,
    "fields": {
        "property_type": "House"
    }
}, {
    "model": "customers.property_type",
    "pk": 2,
    "fields": {
        "property_type": "Bungalow"
    }
}, {
    "model": "customers.property_type",
    "pk": 3,
    "fields": {
        "property_type": "Flats"
    }
}, {
    "model": "customers.customer",
    "pk": 1,
    "fields": {
        "title": "Mr",
        "first_name": "John",
        "last_name": "Smith",
        "email": "js@js.com",
        "mobile": "07865 123 456",
        "address_line_1": "65-67 Western Road",
        "address_line_2": null,
        "address_line_3": null,
        "city": "Hove",
        "county": null,
        "postcode": "BN3 2JQ",
        "customer_notes": "",
        "property_type": 1,
        "franchise": 1,
        "frequency": 4,
        "url": "https://maps.google.com/?q=65-67+Western+Rd,+Hove+BN3+2JQ,+UK&ftid=0x4875854043592a23:0xae114559f71c7b30",
        "latitude": "50.826260",
        "longitude": "-0.162420"
    }
}, {
    "model": "customers.customer",
    "pk": 2,
    "fields": {
        "title": "Ms",
        "first_name": "Donna",
        "last_name": "Brown",
        "email": "db@db.com",
        "mobile": "",
        "address_line_1": "23 Green Lanes",
        "address_line_2": null,
        "address_line_3": null,
        "city": "London",
        "county": null,
        "postcode": "N13 4TN",
        "customer_notes": "",
        "property_type": 1,
        "franchise": 1,
        "frequency": 4,
        "url": "https://maps.google.com/?q=23+Green+Lanes,+London+N13+4TN,+UK&ftid=0x4876195b37d04ee3:0xe51280b4532dc2f4",
        "latitude": "51.608950",
        "longitude": "-0.110310"
    }
}, {
    "model": "customers.customer",
    "pk": 3,
    "fields": {
        "title": "Mr",
        "first_name": "Anton",
        "last_name": "Ant",
        "email": "aa@aa.com",
        "mobile": "07876 234 543",
        "address_line_1": "65 Queens Road",
        "address_line_2": null,
        "address_line_3": null,
        "city": "Brighton",
        "county": null,
        "postcode": "BN1 3XD",
        "customer_notes": "",
        "property_type": 2,
        "franchise": 1,
        "frequency": 4,
        "url": "https://maps.google.com/?q=Navrum+House&ftid=0x487585745d78eadb:0xbe56b41731d58aca",
        "latitude": "50.828030",
        "longitude": "-0.141690"
    }
}, {
    "model": "customers.customer",
    "pk": 3,
    "fields": {
        "title": "Mr",
        "first_name": "Franchise",
        "last_name": "Two",
        "email": "aa@aa.com",
        "mobile": "07876 234 543",
        "address_line_1": "65 2nd Franchise Road",
        "address_line_2": null,
        "address_line_3": null,
        "city": "Brighton",
        "county": null,
        "postcode": "BN1 3XD",
        "customer_notes": "",
        "property_type": 2,
        "franchise": 2,
        "frequency": 4,
        "url": "https://maps.google.com/?q=Navrum+House&ftid=0x487585745d78eadb:0xbe56b41731d58aca",
        "latitude": "50.828030",
        "longitude": "-0.141690"
    }
},{
    "model": "customers.customer",
    "pk": 3,
    "fields": {
        "title": "Mr",
        "first_name": "Fran",
        "last_name": "Two",
        "email": "aa@aa.com",
        "mobile": "07876 234 543",
        "address_line_1": "650 Fran 2 Road",
        "address_line_2": null,
        "address_line_3": null,
        "city": "Brighton",
        "county": null,
        "postcode": "BN1 3XD",
        "customer_notes": "",
        "property_type": 2,
        "franchise": 2,
        "frequency": 4,
        "url": "https://maps.google.com/?q=Navrum+House&ftid=0x487585745d78eadb:0xbe56b41731d58aca",
        "latitude": "50.828030",
        "longitude": "-0.141690"
    }
},{
    "model": "expenses.expense_categories",
    "pk": 1,
    "fields": {
        "category": "Fuel"
    }
}, {
    "model": "expenses.expense_categories",
    "pk": 2,
    "fields": {
        "category": "Stationary"
    }
}, {
    "model": "expenses.expense_categories",
    "pk": 3,
    "fields": {
        "category": "Washing Gear"
    }
}, {
    "model": "expenses.expense_categories",
    "pk": 4,
    "fields": {
        "category": "Road Tax"
    }
}, {
    "model": "expenses.expense_categories",
    "pk": 5,
    "fields": {
        "category": "Food & Drink"
    }
}, {
    "model": "franchises.franchise",
    "pk": 1,
    "fields": {
        "franchise": "London North"
    }
}, {
    "model": "franchises.franchise",
    "pk": 2,
    "fields": {
        "franchise": "London South"
    }
}, {
    "model": "auth.permission",
    "pk": 1,
    "fields": {
        "name": "Can add log entry",
        "content_type": 1,
        "codename": "add_logentry"
    }
}, {
    "model": "auth.permission",
    "pk": 2,
    "fields": {
        "name": "Can change log entry",
        "content_type": 1,
        "codename": "change_logentry"
    }
}, {
    "model": "auth.permission",
    "pk": 3,
    "fields": {
        "name": "Can delete log entry",
        "content_type": 1,
        "codename": "delete_logentry"
    }
}, {
    "model": "auth.permission",
    "pk": 4,
    "fields": {
        "name": "Can add group",
        "content_type": 2,
        "codename": "add_group"
    }
}, {
    "model": "auth.permission",
    "pk": 5,
    "fields": {
        "name": "Can change group",
        "content_type": 2,
        "codename": "change_group"
    }
}, {
    "model": "auth.permission",
    "pk": 6,
    "fields": {
        "name": "Can delete group",
        "content_type": 2,
        "codename": "delete_group"
    }
}, {
    "model": "auth.permission",
    "pk": 7,
    "fields": {
        "name": "Can add permission",
        "content_type": 3,
        "codename": "add_permission"
    }
}, {
    "model": "auth.permission",
    "pk": 8,
    "fields": {
        "name": "Can change permission",
        "content_type": 3,
        "codename": "change_permission"
    }
}, {
    "model": "auth.permission",
    "pk": 9,
    "fields": {
        "name": "Can delete permission",
        "content_type": 3,
        "codename": "delete_permission"
    }
}, {
    "model": "auth.permission",
    "pk": 10,
    "fields": {
        "name": "Can add content type",
        "content_type": 4,
        "codename": "add_contenttype"
    }
}, {
    "model": "auth.permission",
    "pk": 11,
    "fields": {
        "name": "Can change content type",
        "content_type": 4,
        "codename": "change_contenttype"
    }
}, {
    "model": "auth.permission",
    "pk": 12,
    "fields": {
        "name": "Can delete content type",
        "content_type": 4,
        "codename": "delete_contenttype"
    }
}, {
    "model": "auth.permission",
    "pk": 13,
    "fields": {
        "name": "Can add session",
        "content_type": 5,
        "codename": "add_session"
    }
}, {
    "model": "auth.permission",
    "pk": 14,
    "fields": {
        "name": "Can change session",
        "content_type": 5,
        "codename": "change_session"
    }
}, {
    "model": "auth.permission",
    "pk": 15,
    "fields": {
        "name": "Can delete session",
        "content_type": 5,
        "codename": "delete_session"
    }
}, {
    "model": "auth.permission",
    "pk": 16,
    "fields": {
        "name": "Can add user",
        "content_type": 6,
        "codename": "add_user"
    }
}, {
    "model": "auth.permission",
    "pk": 17,
    "fields": {
        "name": "Can change user",
        "content_type": 6,
        "codename": "change_user"
    }
}, {
    "model": "auth.permission",
    "pk": 18,
    "fields": {
        "name": "Can delete user",
        "content_type": 6,
        "codename": "delete_user"
    }
}, {
    "model": "auth.permission",
    "pk": 19,
    "fields": {
        "name": "Can add jobs",
        "content_type": 7,
        "codename": "add_jobs"
    }
}, {
    "model": "auth.permission",
    "pk": 20,
    "fields": {
        "name": "Can change jobs",
        "content_type": 7,
        "codename": "change_jobs"
    }
}, {
    "model": "auth.permission",
    "pk": 21,
    "fields": {
        "name": "Can delete jobs",
        "content_type": 7,
        "codename": "delete_jobs"
    }
}, {
    "model": "auth.permission",
    "pk": 22,
    "fields": {
        "name": "Can add payment_status",
        "content_type": 8,
        "codename": "add_payment_status"
    }
}, {
    "model": "auth.permission",
    "pk": 23,
    "fields": {
        "name": "Can change payment_status",
        "content_type": 8,
        "codename": "change_payment_status"
    }
}, {
    "model": "auth.permission",
    "pk": 24,
    "fields": {
        "name": "Can delete payment_status",
        "content_type": 8,
        "codename": "delete_payment_status"
    }
}, {
    "model": "auth.permission",
    "pk": 25,
    "fields": {
        "name": "Can add job_status",
        "content_type": 9,
        "codename": "add_job_status"
    }
}, {
    "model": "auth.permission",
    "pk": 26,
    "fields": {
        "name": "Can change job_status",
        "content_type": 9,
        "codename": "change_job_status"
    }
}, {
    "model": "auth.permission",
    "pk": 27,
    "fields": {
        "name": "Can delete job_status",
        "content_type": 9,
        "codename": "delete_job_status"
    }
}, {
    "model": "auth.permission",
    "pk": 28,
    "fields": {
        "name": "Can add customer",
        "content_type": 10,
        "codename": "add_customer"
    }
}, {
    "model": "auth.permission",
    "pk": 29,
    "fields": {
        "name": "Can change customer",
        "content_type": 10,
        "codename": "change_customer"
    }
}, {
    "model": "auth.permission",
    "pk": 30,
    "fields": {
        "name": "Can delete customer",
        "content_type": 10,
        "codename": "delete_customer"
    }
}, {
    "model": "auth.permission",
    "pk": 31,
    "fields": {
        "name": "Can add property_type",
        "content_type": 11,
        "codename": "add_property_type"
    }
}, {
    "model": "auth.permission",
    "pk": 32,
    "fields": {
        "name": "Can change property_type",
        "content_type": 11,
        "codename": "change_property_type"
    }
}, {
    "model": "auth.permission",
    "pk": 33,
    "fields": {
        "name": "Can delete property_type",
        "content_type": 11,
        "codename": "delete_property_type"
    }
}, {
    "model": "auth.permission",
    "pk": 34,
    "fields": {
        "name": "Can add expense_categories",
        "content_type": 12,
        "codename": "add_expense_categories"
    }
}, {
    "model": "auth.permission",
    "pk": 35,
    "fields": {
        "name": "Can change expense_categories",
        "content_type": 12,
        "codename": "change_expense_categories"
    }
}, {
    "model": "auth.permission",
    "pk": 36,
    "fields": {
        "name": "Can delete expense_categories",
        "content_type": 12,
        "codename": "delete_expense_categories"
    }
}, {
    "model": "auth.permission",
    "pk": 37,
    "fields": {
        "name": "Can add expenses",
        "content_type": 13,
        "codename": "add_expenses"
    }
}, {
    "model": "auth.permission",
    "pk": 38,
    "fields": {
        "name": "Can change expenses",
        "content_type": 13,
        "codename": "change_expenses"
    }
}, {
    "model": "auth.permission",
    "pk": 39,
    "fields": {
        "name": "Can delete expenses",
        "content_type": 13,
        "codename": "delete_expenses"
    }
}, {
    "model": "auth.permission",
    "pk": 40,
    "fields": {
        "name": "Can add franchise",
        "content_type": 14,
        "codename": "add_franchise"
    }
}, {
    "model": "auth.permission",
    "pk": 41,
    "fields": {
        "name": "Can change franchise",
        "content_type": 14,
        "codename": "change_franchise"
    }
}, {
    "model": "auth.permission",
    "pk": 42,
    "fields": {
        "name": "Can delete franchise",
        "content_type": 14,
        "codename": "delete_franchise"
    }
}, {
    "model": "auth.permission",
    "pk": 43,
    "fields": {
        "name": "Can add test_child_model",
        "content_type": 15,
        "codename": "add_test_child_model"
    }
}, {
    "model": "auth.permission",
    "pk": 44,
    "fields": {
        "name": "Can change test_child_model",
        "content_type": 15,
        "codename": "change_test_child_model"
    }
}, {
    "model": "auth.permission",
    "pk": 45,
    "fields": {
        "name": "Can delete test_child_model",
        "content_type": 15,
        "codename": "delete_test_child_model"
    }
}, {
    "model": "auth.group",
    "pk": 1,
    "fields": {
        "name": "window_cleaner",
        "permissions": [37, 38, 39, 20]
    }
}, {
    "model": "auth.group",
    "pk": 2,
    "fields": {
        "name": "office_staff",
        "permissions": [28, 29, 30, 34, 35, 36, 19, 20, 21]
    }
}, {
    "model": "auth.group",
    "pk": 3,
    "fields": {
        "name": "office_admin",
        "permissions": [16, 17, 28, 29, 30, 34, 35, 36, 19, 20, 21]
    }
}, {
    "model": "auth.group",
    "pk": 4,
    "fields": {
        "name": "franchise_admin",
        "permissions": [16, 17, 18, 28, 29, 30, 34, 41, 19, 20, 21]
    }
}, {
    "model": "auth.group",
    "pk": 5,
    "fields": {
        "name": "super_admin",
        "permissions": [16, 17, 18, 1, 2, 3, 4, 5, 6, 7, 8, 9, 10, 11, 12, 28, 29, 30, 31, 32, 33, 43, 44, 45, 34, 35, 36, 37, 38, 39, 40, 41, 42, 13, 14, 15, 25, 26, 27, 19, 20, 21, 22, 23, 24]
    }
}, {
    "model": "worksheets.jobs",
    "pk": 1,
    "fields": {
        "customer": 1,
        "scheduled_date": "2017-09-23",
        "allocated_date": "2017-09-23",
        "completed_date": null,
        "price": "37.00",
        "job_status": 1,
        "payment_status": null,
        "job_notes": "Lorem ipsum dolor",
        "window_cleaner": null,
        "invoiced": false
    }
}, {
    "model": "worksheets.jobs",
    "pk": 2,
    "fields": {
        "customer": 1,
        "scheduled_date": "2017-08-26",
        "allocated_date": "2017-08-26",
        "completed_date": "2017-08-26",
        "price": "37.00",
        "job_status": 3,
        "payment_status": 1,
        "job_notes": "Lorem ipsum dolor sit amet, consectetur adipiscing elit. Mauris lacus arcu, blandit non semper elementum, fringilla sodales est. Ut porttitor blandit sapien pellentesque pretium. Donec ut diam sed urna venenatis hendrerit. Nulla eros arcu, mattis vitae congue cursus, tincidunt sed turpis. Curabitur non enim diam, eget elementum dolor. Vivamus enim tortor, tempor at vehicula ac, ",
        "window_cleaner": 4,
        "invoiced": false
    }
}, {
    "model": "worksheets.jobs",
    "pk": 3,
    "fields": {
        "customer": 2,
        "scheduled_date": "2017-07-29",
        "allocated_date": "2017-07-29",
        "completed_date": "2017-07-29",
        "price": "37.00",
        "job_status": 3,
        "payment_status": 1,
        "job_notes": "Lorem ipsum dolor sit amet, consectetur adipiscing elit. Mauris lacus arcu, blandit non semper elementum, fringilla sodales est. Ut porttitor blandit sapien pellentesque pretium. Donec ut diam sed urna venenatis hendrerit. Nulla eros arcu, ",
        "window_cleaner": 4,
        "invoiced": true
    }
}, {
    "model": "worksheets.jobs",
    "pk": 4,
    "fields": {
        "customer": 2,
        "scheduled_date": "2017-07-01",
        "allocated_date": "2017-07-01",
        "completed_date": "2017-07-01",
        "price": "37.00",
        "job_status": 3,
        "payment_status": 2,
        "job_notes": "Lorem ipsum dolor sit amet, consectetur adipiscing elit. Mauris lacus arcu, blandit non semper elementum, fringilla sodales est. Ut porttitor blandit sapien pellentesque pretium. Do",
        "window_cleaner": 4,
        "invoiced": true
    }
}, {
    "model": "worksheets.jobs",
    "pk": 5,
    "fields": {
        "customer": 3,
        "scheduled_date": "2017-06-03",
        "allocated_date": "2017-06-03",
        "completed_date": "2017-06-03",
        "price": "37.00",
        "job_status": 3,
        "payment_status": 1,
        "job_notes": "Lorem ipsum dolor sit amet, consectetur adipiscing elit. Mauris lacus arcu, blandit non semper elementum, fringilla sodales est. Ut porttitor blandit sapien pellentesque pretium. Donec ut diam sed urna venenatis hendrerit. Null",
        "window_cleaner": 4,
        "invoiced": true
    }
}, {
    "model": "worksheets.jobs",
    "pk": 6,
    "fields": {
        "customer": 3,
        "scheduled_date": "2017-05-06",
        "allocated_date": "2017-05-06",
        "completed_date": "2017-05-06",
        "price": "37.00",
        "job_status": 3,
        "payment_status": 1,
        "job_notes": "Lorem ipsum dolor sit amet, consectetur adipiscing elit. Mauris lacus arcu, blandit non semper elementum, fringilla sodales est. Ut porttitor blandit sapien pellentesque pretium. Donec ut diam sed urna venenatis hendrerit. Nulla eros arcu, mattis vitae congue cursus, tincidunt sed turpis. Curabitur non enim diam, eget elementum dolor. Vivamus enim tortor, tempor at vehicula ac, malesuada id est. Praesent at nibh eget metus dapibus dapibus. Donec arcu orci, s",
        "window_cleaner": 4,
        "invoiced": true
    }
}, {
    "model": "worksheets.jobs",
    "pk": 7,
    "fields": {
        "customer": 4,
        "scheduled_date": "2017-04-08",
        "allocated_date": "2017-04-08",
        "completed_date": "2017-04-08",
        "price": "37.00",
        "job_status": 3,
        "payment_status": 1,
        "job_notes": "Lorem ipsum dolor sit amet, consectetur adipiscing elit. Mauris lacus arc",
        "window_cleaner": 4,
        "invoiced": true
    }
}, {
    "model": "worksheets.jobs",
    "pk": 8,
    "fields": {
        "customer": 4,
        "scheduled_date": "2017-03-11",
        "allocated_date": "2017-03-11",
        "completed_date": "2017-03-11",
        "price": "37.00",
        "job_status": 3,
        "payment_status": 1,
        "job_notes": "Lorem ipsum dolor sit amet, consectetur adipiscing",
        "window_cleaner": 4,
        "invoiced": true
    }
}, {
    "model": "worksheets.jobs",
    "pk": 9,
    "fields": {
        "customer": 1,
        "scheduled_date": "2017-02-11",
        "allocated_date": "2017-02-11",
        "completed_date": "2017-02-11",
        "price": "37.00",
        "job_status": 3,
        "payment_status": 1,
        "job_notes": "Lorem ipsum dolor sit amet, consectetur adipiscing elit. Mauris lacus arcu, blandit non semper elementum, fringilla sodales est. Ut porttitor blandit sapien pellentesque pre",
        "window_cleaner": 4,
        "invoiced": true
    }
}, {
    "model": "worksheets.jobs",
    "pk": 10,
    "fields": {
        "customer": 1,
        "scheduled_date": "2017-01-14",
        "allocated_date": "2017-01-14",
        "completed_date": "2017-01-14",
        "price": "37.00",
        "job_status": 3,
        "payment_status": 1,
        "job_notes": "Lorem ipsum dolor sit amet, consectetur adipiscing elit. Mauris lacus arcu, blandit non semper elementum, fringilla sodales est. Ut porttitor blandit sapien pellentesque pretium. Donec ut diam sed urna venenatis hendrerit. Nulla eros arcu, mattis vitae congue cursus, tincidunt sed turpis. Cu",
        "window_cleaner": 4,
        "invoiced": true
    }
}, {
    "model": "worksheets.jobs",
    "pk": 11,
    "fields": {
        "customer": 1,
        "scheduled_date": "2016-12-17",
        "allocated_date": "2016-12-17",
        "completed_date": "2016-12-17",
        "price": "37.00",
        "job_status": 3,
        "payment_status": 1,
        "job_notes": "Lorem ipsum dolor sit amet, consectetur adipiscing elit. Mauris lacus arcu, blandit non semper elementum, fringilla sodales est. Ut port",
        "window_cleaner": 4,
        "invoiced": true
    }
}, {
    "model": "worksheets.jobs",
    "pk": 12,
    "fields": {
        "customer": 2,
        "scheduled_date": "2016-11-19",
        "allocated_date": "2016-11-19",
        "completed_date": "2016-11-19",
        "price": "37.00",
        "job_status": 3,
        "payment_status": 1,
        "job_notes": "Lorem ipsum dolor sit amet, consectetur adipiscing elit. Mauris lacus arcu, blandit non semper elementum, fringilla sodales est. Ut porttitor blandit sapien pellentesque pretium. Donec ut diam sed urna venenatis hendrerit. Nulla eros arcu, mattis vitae congue cursus, tincidunt sed turpis. Curabitur non enim diam, eget elementum dolor. Vivamus enim tortor, tempor at vehicula ac, malesuada id est. Praesent at nibh eget metus dap",
        "window_cleaner": 4,
        "invoiced": true
    }
}, {
    "model": "expenses.expenses",
    "pk": 1,
    "fields": {
        "category": 1,
        "user": 1,
        "amount": "23.00",
        "date": "2017-09-11",
        "notes": ""
    }
}, {
    "model": "expenses.expenses",
    "pk": 2,
    "fields": {
        "category": 3,
        "user": 2,
        "amount": "34.00",
        "date": "2017-12-09",
        "notes": ""
    }
}, {
    "model": "expenses.expenses",
    "pk": 3,
    "fields": {
        "category": 2,
        "user": 1,
        "amount": "34.00",
        "date": "2017-12-09",
        "notes": "Lorem ipsum dolor sit amet, consectetur adipiscing elit, sed do eiusmod tempor incididunt ut labore et dolore magna aliqua. Ut enim ad minim veniam, quis nostrud"
    }
}, {
    "model": "expenses.expenses",
    "pk": 4,
    "fields": {
        "category": 4,
        "user": 2,
        "amount": "45.00",
        "date": "2017-08-09",
        "notes": ""
    }
}
]